id,dist
7715,273.7237147683269
5408,1327.0629687308935
