id,dist
5407,273.7237147683269
5408,1054.9379787699693
