id,x,y
5407,0.0,0.6649732625849369
5408,100.0,7.137901017535653
7715,20.65861477183871,6.179233911474165e-10
