id,dist
2795,473.02975763689943
3163,622.7878114065958
3162,1984.8156279111868
8121,3612.24660059763
8122,3767.427025884501
4367,6854.989007777186
812,32776.26416863715
