id,dist
8121,157.95282020240262
3163,3573.0467107153795
2795,3608.092549570481
2797,3767.427025884501
3162,3892.9640003803584
4367,6234.84090795682
812,29334.8492160466
