id,dist
8122,157.95282020240262
3163,3415.134767289114
2795,3450.4654202013135
2797,3612.24660059763
3162,3774.250777962612
4367,6187.972405813329
812,29462.79572107957
