id,dist
3163,149.79676771200107
2797,473.02975763689943
3162,2389.349349329874
8121,3450.4654202013135
8122,3608.092549570481
4367,6382.435888907697
812,32439.1451664383
