id,dist
9880,495.72634393319134
9815,2444.664102469067
9814,3424.035681378564
