id,x,y
9814,100.0,62.420312524382766
9815,0.0,89.37575302530578
9865,7.1992991897940755,15.103461325798609
9880,6.232619516044137,-9.308183768205948e-10
