id,dist
7882,7610.431018713104
7880,11646.643922446814
7881,12638.22844621937
7884,16128.536188230039
