id,dist
7880,4516.95910328455
7881,5350.729181010573
7883,7610.431018713104
7884,11483.147213593536
