id,dist
7880,8063.566472746793
7882,11483.147213593536
7881,12862.187095314352
7883,16128.536188230039
