id,dist
7880,4953.553493565513
7882,5350.729181010573
7883,12638.22844621937
7884,12862.187095314352
