id,dist
7882,4516.95910328455
7881,4953.553493565513
7884,8063.566472746793
7883,11646.643922446814
