id,x,y
7880,63.19311499580997,26.962105728977328
7881,48.20474429822233,-3.2716333178851125e-11
7882,35.42976987124974,30.789022800390363
7883,0.0,62.120827657129375
7884,100.0,60.98023057234518
